"File","Line","LineText"
"app\layout.tsx","3","import ""./globals.css"""
"app\layout.tsx","4","import ""../styles/components.css"""
"node_modules\.pnpm\next@16.1.7_@babel+core@7.2_de8452ba0b6b1ceea4178ed2e578bf6e\node_modules\next\dist\next-devtools\dev-overlay\components\devtools-indicator\devtools-indicator.d.ts","1","import './devtools-indicator.css';"
"node_modules\.pnpm\next@16.1.7_@babel+core@7.2_de8452ba0b6b1ceea4178ed2e578bf6e\node_modules\next\dist\next-devtools\dev-overlay\components\devtools-panel\resize\resize-handle.d.ts","3","import './resize-handle.css';"
"node_modules\.pnpm\next@16.1.7_@babel+core@7.2_de8452ba0b6b1ceea4178ed2e578bf6e\node_modules\next\dist\next-devtools\dev-overlay\components\overview\segment-boundary-trigger.d.ts","1","import './segment-boundary-trigger.css';"
"node_modules\.pnpm\next@16.1.7_@babel+core@7.2_de8452ba0b6b1ceea4178ed2e578bf6e\node_modules\next\dist\next-devtools\dev-overlay\components\overview\segment-explorer.d.ts","1","import './segment-explorer.css';"
"node_modules\.pnpm\next@16.1.7_@babel+core@7.2_de8452ba0b6b1ceea4178ed2e578bf6e\node_modules\next\dist\next-devtools\dev-overlay\components\toast\index.d.ts","1","import './style.css';"
"node_modules\.pnpm\next@16.1.7_@babel+core@7.2_de8452ba0b6b1ceea4178ed2e578bf6e\node_modules\next\dist\next-devtools\dev-overlay\components\tooltip\tooltip.d.ts","1","import './tooltip.css';"
"node_modules\.pnpm\next@16.1.7_@babel+core@7.2_de8452ba0b6b1ceea4178ed2e578bf6e\node_modules\next\dist\next-devtools\dev-overlay\menu\panel-router.d.ts","2","import './panel-router.css';"
"node_modules\.pnpm\next@16.1.7_@babel+core@7.2_de8452ba0b6b1ceea4178ed2e578bf6e\node_modules\next\dist\next-devtools\dev-overlay\panel\dynamic-panel.d.ts","1","import './dynamic-panel.css';"
"node_modules\.pnpm\next@16.1.7_@babel+core@7.2_de8452ba0b6b1ceea4178ed2e578bf6e\node_modules\next\dist\next-devtools\entrypoint.d.ts","1","import './dev-overlay/global.css';"
"node_modules\.pnpm\next@16.1.7_@babel+core@7.2_de8452ba0b6b1ceea4178ed2e578bf6e\node_modules\next\dist\next-devtools\entrypoint.d.ts","2","import './dev-overlay/components/toast/style.css';"
"node_modules\next\dist\next-devtools\dev-overlay\components\devtools-indicator\devtools-indicator.d.ts","1","import './devtools-indicator.css';"
"node_modules\next\dist\next-devtools\dev-overlay\components\devtools-panel\resize\resize-handle.d.ts","3","import './resize-handle.css';"
"node_modules\next\dist\next-devtools\dev-overlay\components\overview\segment-boundary-trigger.d.ts","1","import './segment-boundary-trigger.css';"
"node_modules\next\dist\next-devtools\dev-overlay\components\overview\segment-explorer.d.ts","1","import './segment-explorer.css';"
"node_modules\next\dist\next-devtools\dev-overlay\components\toast\index.d.ts","1","import './style.css';"
"node_modules\next\dist\next-devtools\dev-overlay\components\tooltip\tooltip.d.ts","1","import './tooltip.css';"
"node_modules\next\dist\next-devtools\dev-overlay\menu\panel-router.d.ts","2","import './panel-router.css';"
"node_modules\next\dist\next-devtools\dev-overlay\panel\dynamic-panel.d.ts","1","import './dynamic-panel.css';"
"node_modules\next\dist\next-devtools\entrypoint.d.ts","1","import './dev-overlay/global.css';"
"node_modules\next\dist\next-devtools\entrypoint.d.ts","2","import './dev-overlay/components/toast/style.css';"
